{
  "metrics": {
    "ttft_p99_ms": 2446.7458963394165,
    "output_tokens_per_second": 715.1975590608822,
    "requests_per_second": 5.76
  }
}