{
  "metrics": {
    "ttft_p99_ms": 2224.3144512176514,
    "output_tokens_per_second": 794.6639545120913,
    "requests_per_second": 6.3999999999999995
  }
}